"","DCA1","DCA2","DCA3","DCA4"
"Axislength",4.41571242598656,2.40938726195604,1.85563944955955,1.8501090081538
